,title,url,thumbnail_url,channel_name,views,day_posted,description
0,Boyssss Agreee??? üòÇü§îüíØ#harishhatricks #imsubu #youtube #shorts #pongal,https://www.youtube.com/watch?v=5XeSs1SLce8,https://i.ytimg.com/vi/5XeSs1SLce8/hqdefault.jpg?sqp=-oaymwEcCNACELwBSFXyq4qpAw4IARUAAIhCGAFwAcABBg==&rs=AOn4CLDT4RXH4aIfvgo38e3EWOuDVZe_Jw,Harishhatricks_official,1.4M views,1 day ago,
1,"Valimai - Mother Song Promo | Ajith Kumar | Yuvan Shankar Raja, Vinoth, Boney Kapoor, Zee Studios",https://www.youtube.com/watch?v=R7l5OAgnck8,https://i.ytimg.com/vi/R7l5OAgnck8/hqdefault.jpg?sqp=-oaymwEcCNACELwBSFXyq4qpAw4IARUAAIhCGAFwAcABBg==&rs=AOn4CLCTmd1O_lQurlMybadMn2UqvNepXg,Sony Music South,1.4M views,1 day ago,"Movie - Valimai Song - Mother Song Singers - Sid Sriram Lyrics - Vignesh Shivan Music Composed & Arranged by Yuvan Shankar Raja Starring: Ajith Kumar, Huma S Qureshi, Karthikeya, Bani,..."
2,Nengalum ipadi panirikingala ??üòÇü§îüíØ #harishhatricks #imsubu #youtube #shorts #pongal,https://www.youtube.com/watch?v=8extONHAMGc,https://i.ytimg.com/vi/8extONHAMGc/hqdefault.jpg?sqp=-oaymwEcCNACELwBSFXyq4qpAw4IARUAAIhCGAFwAcABBg==&rs=AOn4CLAJL9pbAecdhBQ6O3k98QTMF-1kTw,Harishhatricks_official,1.4M views,1 day ago,
3,Eruma Saani | LIFE AFTER MARRIAGE,https://www.youtube.com/watch?v=FfE96PZ5SBE,https://i.ytimg.com/vi/FfE96PZ5SBE/hqdefault.jpg?sqp=-oaymwEcCNACELwBSFXyq4qpAw4IARUAAIhCGAFwAcABBg==&rs=AOn4CLDdRj6_z2MniEvt3AU9OqBov8h7kw,Eruma Saani,1.4M views,1 day ago,Download the OctaFX Copytrading App at https://bit.ly/ESaani_OctaFX and get an exclusive 50% bonus! üéÅ Start earning extra money with the official trading partner of the Delhi Capitals -...
4,Pregnant Aaana Alyavirku Maamiyar kodutha Parisu | Exclusive Video,https://www.youtube.com/watch?v=NoRkji-zTJ8,https://i.ytimg.com/vi/NoRkji-zTJ8/hqdefault.jpg?sqp=-oaymwEcCNACELwBSFXyq4qpAw4IARUAAIhCGAFwAcABBg==&rs=AOn4CLBP-ITsLrA6-a10syWq789xXXOpGw,SANJIEV&ALYA,1.4M views,1 day ago,Download RummyCircle App Now and Get a ‚Çπ 2000 Welcome Bonus! https://bit.ly/3o92236 Hey Everyone. This video is about Amma gifting Alya on her Pregnency. Do watch the video and support...
5,83 (‡Æ§‡ÆÆ‡Æø‡Æ¥‡Øç) - Official Trailer | Kamal Haasan | Ranveer Singh | Kabir Khan | In Theatres 24 DEC 2021,https://www.youtube.com/watch?v=qzWXDlXAjuo,https://i.ytimg.com/vi/qzWXDlXAjuo/hqdefault.jpg?sqp=-oaymwEcCNACELwBSFXyq4qpAw4IARUAAIhCGAFwAcABBg==&rs=AOn4CLDN9IBoo2RvmmhYUTnpu4t8tOFgaA,YNOTX,1.4M views,1 day ago,"Presenting the official trailer of 83 (Tamil), Directed By Kabir Khan. Celebrated by Mobil. #ThisIs83 On 25th of June 1983, the Lord‚Äôs Cricket Ground witnessed one of the biggest underdog..."
6,Meherezylaa - Official Video | Maanaadu | Silambarasan TR | Yuvan Shankar Raja | Venkat Prabhu,https://www.youtube.com/watch?v=TpU7V98AE_Y,https://i.ytimg.com/vi/TpU7V98AE_Y/hqdefault.jpg?sqp=-oaymwEcCNACELwBSFXyq4qpAw4IARUAAIhCGAFwAcABBg==&rs=AOn4CLA8LyCVDvOMp0YQEVKE50E8boaWnQ,U1 Records,1.4M views,1 day ago,"Here's official video of of #Meherezylaa from #Maanaadu. V House Productions presents #Maanaadu (‡ÆÆ‡Ææ‡Æ®‡Ææ‡Æü‡ØÅ) Track: Meherezylaa Movie: Maanaadu Singers: #Yuvan Shankar Raja, Rizwan,..."
7,"Enna Solla Pogirai | #Uruttu Song | Ashwin Kumar | Vivek - Mervin | Sivaangi, Santesh | A. Hariharan",https://www.youtube.com/watch?v=1MTKezYNwGU,https://i.ytimg.com/vi/1MTKezYNwGU/hqdefault.jpg?sqp=-oaymwEcCNACELwBSFXyq4qpAw4IARUAAIhCGAFwAcABBg==&rs=AOn4CLBdmqsurL-um9-_wYxI7RaZKEfPwA,Muzik247,1.4M views,1 day ago,"Presenting #Uruttu the third single from Enna Solla Pogirai. Put your dancing shoes on and sway to this ultimate wedding track from our chellama Sivaangi & Santesh, composed by Vivek - Mervin..."
8,#short canvas painting in tamil #shorts,https://www.youtube.com/watch?v=p2Hfql_bcJM,,REVA'S ARTS,1.4M views,1 day ago,#REVASARTS #Revasarts #revasarts #revasart #craftvideosintami #bestoutofwastevideointamil #coconutshellcraftintamil #eggshellcraftintamil #diyintamil #DIYvideosintamil #easycraftvideosintamil...
9,Anyone Experience üòÇüòÇ,https://www.youtube.com/watch?v=nG5qR39he1Y,,MABU CRUSH,1.4M views,1 day ago,
