,title,url,thumbnail_url,channel_name,description
0,83 (родрооро┐ро┤рпН) - Official Trailer | Kamal Haasan | Ranveer Singh | Kabir Khan | In Theatres 24 DEC 2021,https://www.youtube.com/watch?v=qzWXDlXAjuo,https://i.ytimg.com/vi/qzWXDlXAjuo/hqdefault.jpg?sqp=-oaymwEcCNACELwBSFXyq4qpAw4IARUAAIhCGAFwAcABBg==&rs=AOn4CLDN9IBoo2RvmmhYUTnpu4t8tOFgaA,YNOTX,"Presenting the official trailer of 83 (Tamil), Directed By Kabir Khan. Celebrated by Mobil. #ThisIs83 On 25th of June 1983, the LordтАЩs Cricket Ground witnessed one of the biggest underdog..."
1,Nengalum ipadi panirikingala ??ЁЯШВЁЯдФЁЯТп #harishhatricks #imsubu #youtube #shorts #pongal,https://www.youtube.com/watch?v=8extONHAMGc,https://i.ytimg.com/vi/8extONHAMGc/hqdefault.jpg?sqp=-oaymwEcCNACELwBSFXyq4qpAw4IARUAAIhCGAFwAcABBg==&rs=AOn4CLAJL9pbAecdhBQ6O3k98QTMF-1kTw,Harishhatricks_official,
2,Super Man Pen | роЗрокрпНрокроЯро┐ роТро░рпБ рокрпЗройро╛ро╡ро╛! ЁЯЦЛя╕ПЁЯЦКя╕П,https://www.youtube.com/watch?v=cxGfa-Z6IKI,https://i.ytimg.com/vi/cxGfa-Z6IKI/hqdefault.jpg?sqp=-oaymwEcCNACELwBSFXyq4qpAw4IARUAAIhCGAFwAcABBg==&rs=AOn4CLCFxMznIK36ifedy6tkF2HeEXsu7A,Vijay Ideas,#shorts #VijayIdeas Product Link: https://www.amazon.in/dp/B08HCXY994?ref=ppx_pop_mob_ap_share Follow Us On Instagram: https://www.instagram.com/vijay_ideas Follow Us On Facebook: https://www.fa...
3,If i use my phone for 2 seconds.. #thesquawk #squawkrahulraj #shorts,https://www.youtube.com/watch?v=kNK3j2xhK-A,https://i.ytimg.com/vi/kNK3j2xhK-A/hqdefault.jpg?sqp=-oaymwEcCNACELwBSFXyq4qpAw4IARUAAIhCGAFwAcABBg==&rs=AOn4CLCQrrivlKlfWCqttsq43fgytknBmw,Squawk rahulraj,
4,Kadaike poran maЁЯШВЁЯТпЁЯдг #harishhatricks #imsubu #youtube #shorts #pongal,https://www.youtube.com/watch?v=gCvr6uzmM0o,https://i.ytimg.com/vi/gCvr6uzmM0o/hqdefault.jpg?sqp=-oaymwEcCNACELwBSFXyq4qpAw4IARUAAIhCGAFwAcABBg==&rs=AOn4CLCE7rTjBseIFEt5H93FX8-yI1ZkQw,Harishhatricks_official,
5,роЕродро┐роЪроп роХро┐рогро▒рпБ роиро┐ро░роорпНрокро┐ропродро╛ро▓рпН рокрпКродрпБроороХрпНтАНроХро│рпН роЕродро┐ро░рпНроЪрпНроЪро┐ | Tirunelveli Mystery Well | Padugai Dam | Rains,https://www.youtube.com/watch?v=zeoxjNcStf8,,Jaya Plus,#Tirunelveli #MysteryWell #PadugaiDam #NellaiRains роЕродро┐роЪроп роХро┐рогро▒рпБ роиро┐ро░роорпНрокро┐ропродро╛ро▓рпН рокрпКродрпБроороХрпНтАНроХро│рпН роЕродро┐ро░рпНроЪрпНроЪро┐ | Tirunelvel...
6,Meherezylaa - Official Video | Maanaadu | Silambarasan TR | Yuvan Shankar Raja | Venkat Prabhu,https://www.youtube.com/watch?v=TpU7V98AE_Y,,U1 Records,"Here's official video of of #Meherezylaa from #Maanaadu. V House Productions presents #Maanaadu (рооро╛роиро╛роЯрпБ) Track: Meherezylaa Movie: Maanaadu Singers: #Yuvan Shankar Raja, Rizwan,..."
7,Anyone Experience ЁЯШВЁЯШВ,https://www.youtube.com/watch?v=nG5qR39he1Y,,MABU CRUSH,
8,Bottle flipЁЯТпЁЯШН Challenge No.5 #imsubu #shorts #shortschallenge,https://www.youtube.com/watch?v=lx7zeFhxJTQ,,Pongal *,
9,"Kadhaipoma | Chapter - 6 | Thaabangale With English Subtitles | Ft Np, Preetha | Unakkennapaa",https://www.youtube.com/watch?v=7DXa3I1VJE8,,Unakkennapaa,#Thaabangale #Kadhaipoma #Chapter6 #Unakkennapaa CanApprove Consultancy Services is a Canadian based multinational company. With 23+ years of experience in Immigration services and Overseas...
